Number collaborations;artist_id;artist_name;channel_id;channel_name;feat_artist_id;feat_artist_name;subs_count;view_count
30;mn0000516929;*NSYNC;UCsiSmzL5G7VS_pfKMXqmcjw;NSYNCVEVO;mn0000567809;Modern Talking;474001;573163176
7;mn0000516929;*NSYNC;UCsiSmzL5G7VS_pfKMXqmcjw;NSYNCVEVO;mn0000664817;Gloria Estefan;474001;573163176
4;mn0000516929;*NSYNC;UCsiSmzL5G7VS_pfKMXqmcjw;NSYNCVEVO;mn0000759187;Blaque;474001;573163176
1;mn0000516929;*NSYNC;UCsiSmzL5G7VS_pfKMXqmcjw;NSYNCVEVO;mn0000799081;Full Force;474001;573163176
5;mn0000516929;*NSYNC;UCsiSmzL5G7VS_pfKMXqmcjw;NSYNCVEVO;mn0000850607;Rosie O'Donnell;474001;573163176
31;mn0000516929;*NSYNC;UCsiSmzL5G7VS_pfKMXqmcjw;NSYNCVEVO;mn0000101895;Joe;474001;573163176
5;mn0000516929;*NSYNC;UCsiSmzL5G7VS_pfKMXqmcjw;NSYNCVEVO;mn0000337119;Phil Collins;474001;573163176
15;mn0000516929;*NSYNC;UCsiSmzL5G7VS_pfKMXqmcjw;NSYNCVEVO;mn0000861351;Nelly;474001;573163176
11;mn0000480108;A-ha;UCeEi1My3KTXHT0SG1JkR9gA;a-ha;mn0000716816;Wolfgang Petry;339851;217453217
45;mn0000480108;A-ha;UCeEi1My3KTXHT0SG1JkR9gA;a-ha;mn0001489096;Electric Rudeboyz;339851;217453217
5;mn0000480108;A-ha;UCeEi1My3KTXHT0SG1JkR9gA;a-ha;mn0000325459;R.E.M.;339851;217453217
21;mn0000480108;A-ha;UCeEi1My3KTXHT0SG1JkR9gA;a-ha;mn0001178546;Blue Zoo;339851;217453217
23;mn0000578999;Aaliyah;UCneR_qQ1NE_u9neBSEJJ7lg;MsAaliyahJay;mn0000631253;Sián Jones;1257278;87859469
10;mn0000578999;Aaliyah;UCneR_qQ1NE_u9neBSEJJ7lg;MsAaliyahJay;mn0000662797;Ginuwine;1257278;87859469
19;mn0000578999;Aaliyah;UCneR_qQ1NE_u9neBSEJJ7lg;MsAaliyahJay;mn0000661795;DMX;1257278;87859469
9;mn0000578999;Aaliyah;UCneR_qQ1NE_u9neBSEJJ7lg;MsAaliyahJay;mn0000090810;The League;1257278;87859469
21;mn0000578999;Aaliyah;UCneR_qQ1NE_u9neBSEJJ7lg;MsAaliyahJay;mn0000668393;DJ /rupture;1257278;87859469
4;mn0000578999;Aaliyah;UCneR_qQ1NE_u9neBSEJJ7lg;MsAaliyahJay;mn0000602378;Timbaland;1257278;87859469
5;mn0000578999;Aaliyah;UCneR_qQ1NE_u9neBSEJJ7lg;MsAaliyahJay;mn0000748713;Slick Rick;1257278;87859469
5;mn0000578999;Aaliyah;UCneR_qQ1NE_u9neBSEJJ7lg;MsAaliyahJay;mn0000537548;Busta Rhymes;1257278;87859469
7;mn0000578999;Aaliyah;UCneR_qQ1NE_u9neBSEJJ7lg;MsAaliyahJay;mn0000502371;Missy Elliott;1257278;87859469
2;mn0000578999;Aaliyah;UCneR_qQ1NE_u9neBSEJJ7lg;MsAaliyahJay;mn0000373634;Nas;1257278;87859469
17;mn0000578999;Aaliyah;UCneR_qQ1NE_u9neBSEJJ7lg;MsAaliyahJay;mn0000745225;Static;1257278;87859469
24;mn0000922728;Abba;UCa_4DcdTB9QfK0LY9-7qWuQ;AbbaVEVO;mn0000583653;Anni-Frid Lyngstad;1008550;1530451036
12;mn0000922728;Abba;UCa_4DcdTB9QfK0LY9-7qWuQ;AbbaVEVO;mn0000171889;Elephant Man;1008550;1530451036
18;mn0000922728;Abba;UCa_4DcdTB9QfK0LY9-7qWuQ;AbbaVEVO;mn0003660064;"Djmaxx""";1008550;1530451036
2;mn0000922728;Abba;UCa_4DcdTB9QfK0LY9-7qWuQ;AbbaVEVO;mn0003175539;Jarl Kulle;1008550;1530451036
14;mn0000922728;Abba;UCa_4DcdTB9QfK0LY9-7qWuQ;AbbaVEVO;mn0002070009;Predator;1008550;1530451036
45;mn0000922728;Abba;UCa_4DcdTB9QfK0LY9-7qWuQ;AbbaVEVO;mn0000987415;Mamma Mia;1008550;1530451036
25;mn0000922728;Abba;UCa_4DcdTB9QfK0LY9-7qWuQ;AbbaVEVO;mn0000784073;The Countdown Singers;1008550;1530451036
57;mn0000922728;Abba;UCa_4DcdTB9QfK0LY9-7qWuQ;AbbaVEVO;mn0000740569;Frida;1008550;1530451036
16;mn0000922728;Abba;UCa_4DcdTB9QfK0LY9-7qWuQ;AbbaVEVO;mn0000600920;Agnetha Fältskog;1008550;1530451036
9;mn0000922728;Abba;UCa_4DcdTB9QfK0LY9-7qWuQ;AbbaVEVO;mn0001694731;Mariona Castillo;1008550;1530451036
18;mn0000922728;Abba;UCa_4DcdTB9QfK0LY9-7qWuQ;AbbaVEVO;mn0000019892;Tears for Fears;1008550;1530451036
5;mn0002599597;Abraham Mateo;UCGEULO7Ruetmngtl593OoXg;AbrahamMateoVEVO;mn0002082919;Christian Daniel;2555567;1024792323
9;mn0002599597;Abraham Mateo;UCGEULO7Ruetmngtl593OoXg;AbrahamMateoVEVO;mn0003422896;Lérica;2555567;1024792323
10;mn0000495338;Ace of Base;UCansLl8T6imFHqOhfXoAHmg;Ace of Base (Official);mn0000900875;Rico Bass;282103;284342099
8;mn0000495338;Ace of Base;UCansLl8T6imFHqOhfXoAHmg;Ace of Base (Official);mn0000757473;Sybersound;282103;284342099
6;mn0000495338;Ace of Base;UCansLl8T6imFHqOhfXoAHmg;Ace of Base (Official);mn0000770896;Black Machine;282103;284342099
9;mn0001532591;Adam Lambert;UCSpA4zQzlhoPCY2-usyGAMA;AdamLambertVEVO;mn0001026816;Tritonal;710076;295544329
5;mn0001532591;Adam Lambert;UCSpA4zQzlhoPCY2-usyGAMA;AdamLambertVEVO;mn0000331863;Norbert Leo Butz;710076;295544329
9;mn0000503460;Adele;UComP_epzeKzvBX156r6pm1Q;AdeleVEVO;mn0000531653;The Raconteurs;16074587;-2147483648
5;mn0000503460;Adele;UComP_epzeKzvBX156r6pm1Q;AdeleVEVO;mn0000792507;Frank Sinatra;16074587;-2147483648
7;mn0000503460;Adele;UComP_epzeKzvBX156r6pm1Q;AdeleVEVO;mn0000155841;Francine;16074587;-2147483648
22;mn0000604852;Aerosmith;UCiXsh6CVvfigg8psfsTekUA;AerosmithVEVO;mn0000358408;Run-D.M.C.;1420844;1621541938
12;mn0000604852;Aerosmith;UCiXsh6CVvfigg8psfsTekUA;AerosmithVEVO;mn0000681848;Hollywood Symphony Orchestra;1420844;1621541938
22;mn0000604852;Aerosmith;UCiXsh6CVvfigg8psfsTekUA;AerosmithVEVO;mn0001585889;Drew Arnott;1420844;1621541938
40;mn0000604852;Aerosmith;UCiXsh6CVvfigg8psfsTekUA;AerosmithVEVO;mn0001634331;Whitford St. Holmes;1420844;1621541938
13;mn0000604852;Aerosmith;UCiXsh6CVvfigg8psfsTekUA;AerosmithVEVO;mn0000577102;Sierra Leone's Refugee All Stars;1420844;1621541938
14;mn0000604852;Aerosmith;UCiXsh6CVvfigg8psfsTekUA;AerosmithVEVO;mn0000355810;Richie Supa;1420844;1621541938
26;mn0000604852;Aerosmith;UCiXsh6CVvfigg8psfsTekUA;AerosmithVEVO;mn0000636433;The Cardigans;1420844;1621541938
12;mn0000604852;Aerosmith;UCiXsh6CVvfigg8psfsTekUA;AerosmithVEVO;mn0000583959;Willie Nelson;1420844;1621541938
12;mn0000607448;Al Green;UC7tb2Of68kIlrtj2qUnJtbQ;Al Green - Topic;mn0000141774;Curtis Stigers;11245;7890808
26;mn0000607448;Al Green;UC7tb2Of68kIlrtj2qUnJtbQ;Al Green - Topic;mn0000174122;Lyle Lovett;11245;7890808
14;mn0000607448;Al Green;UC7tb2Of68kIlrtj2qUnJtbQ;Al Green - Topic;mn0001578213;Bost & Bim;11245;7890808
19;mn0000607448;Al Green;UC7tb2Of68kIlrtj2qUnJtbQ;Al Green - Topic;mn0000772733;Booker T. & the MG's;11245;7890808
23;mn0000607448;Al Green;UC7tb2Of68kIlrtj2qUnJtbQ;Al Green - Topic;mn0000605805;Alan Green;11245;7890808
27;mn0000607448;Al Green;UC7tb2Of68kIlrtj2qUnJtbQ;Al Green - Topic;mn0000108826;Jackie Wilson;11245;7890808
40;mn0000607448;Al Green;UC7tb2Of68kIlrtj2qUnJtbQ;Al Green - Topic;mn0000507555;Arthur Baker;11245;7890808
37;mn0000607448;Al Green;UC7tb2Of68kIlrtj2qUnJtbQ;Al Green - Topic;mn0000061226;Babyface;11245;7890808
16;mn0000607448;Al Green;UC7tb2Of68kIlrtj2qUnJtbQ;Al Green - Topic;mn0002528416;Disclosure;11245;7890808
49;mn0000607448;Al Green;UC7tb2Of68kIlrtj2qUnJtbQ;Al Green - Topic;mn0000032071;Shirley Caesar;11245;7890808
33;mn0000607448;Al Green;UC7tb2Of68kIlrtj2qUnJtbQ;Al Green - Topic;mn0000810166;Vonda Shepard;11245;7890808
59;mn0000607448;Al Green;UC7tb2Of68kIlrtj2qUnJtbQ;Al Green - Topic;mn0000934350;Tom Scott;11245;7890808
13;mn0000607448;Al Green;UC7tb2Of68kIlrtj2qUnJtbQ;Al Green - Topic;mn0000936009;Heather Headley;11245;7890808
14;mn0000607448;Al Green;UC7tb2Of68kIlrtj2qUnJtbQ;Al Green - Topic;mn0001769121;Arthur Baker & the Backbeat Disciples;11245;7890808
67;mn0000607448;Al Green;UC7tb2Of68kIlrtj2qUnJtbQ;Al Green - Topic;mn0000568680;The Three Suns;11245;7890808
12;mn0000607448;Al Green;UC7tb2Of68kIlrtj2qUnJtbQ;Al Green - Topic;mn0000583959;Willie Nelson;11245;7890808
22;mn0000607448;Al Green;UC7tb2Of68kIlrtj2qUnJtbQ;Al Green - Topic;mn0000044338;The Soul Brothers;11245;7890808
12;mn0000606283;Al Jarreau;UC1aSSGX183S8v-_7h78jrhA;Al Jarreau - Topic;mn0000635760;David Benoit;5217;1221459
100;mn0000606283;Al Jarreau;UC1aSSGX183S8v-_7h78jrhA;Al Jarreau - Topic;mn0000201760;George Benson;5217;1221459
26;mn0000606283;Al Jarreau;UC1aSSGX183S8v-_7h78jrhA;Al Jarreau - Topic;mn0000015398;Paul Brown;5217;1221459
7;mn0000606283;Al Jarreau;UC1aSSGX183S8v-_7h78jrhA;Al Jarreau - Topic;mn0000088035;Kelly Price;5217;1221459
54;mn0000606283;Al Jarreau;UC1aSSGX183S8v-_7h78jrhA;Al Jarreau - Topic;mn0000587708;Abraham Laboriel, Sr.;5217;1221459
19;mn0000606283;Al Jarreau;UC1aSSGX183S8v-_7h78jrhA;Al Jarreau - Topic;mn0000081849;Boney James;5217;1221459
18;mn0000606283;Al Jarreau;UC1aSSGX183S8v-_7h78jrhA;Al Jarreau - Topic;mn0000673114;Marcus Miller;5217;1221459
28;mn0000606283;Al Jarreau;UC1aSSGX183S8v-_7h78jrhA;Al Jarreau - Topic;mn0000177173;Vince Mendoza;5217;1221459
7;mn0000606283;Al Jarreau;UC1aSSGX183S8v-_7h78jrhA;Al Jarreau - Topic;mn0000791326;Shakatak;5217;1221459
7;mn0000606283;Al Jarreau;UC1aSSGX183S8v-_7h78jrhA;Al Jarreau - Topic;mn0000649436;Gerald McCauley;5217;1221459
18;mn0000606283;Al Jarreau;UC1aSSGX183S8v-_7h78jrhA;Al Jarreau - Topic;mn0000777054;Kurt Elling;5217;1221459
38;mn0000606283;Al Jarreau;UC1aSSGX183S8v-_7h78jrhA;Al Jarreau - Topic;mn0000887806;Oleta Adams;5217;1221459
10;mn0000933883;Al Stewart;UCMSnwh4D7Dp8LRo7MW8dHuQ;Al Stewart - Topic;mn0000844255;Peter White;1776;1490351
141;mn0000933883;Al Stewart;UCMSnwh4D7Dp8LRo7MW8dHuQ;Al Stewart - Topic;mn0000139719;Laurence Juber;1776;1490351
29;mn0000933883;Al Stewart;UCMSnwh4D7Dp8LRo7MW8dHuQ;Al Stewart - Topic;mn0000962934;Dave Nachmanoff;1776;1490351
29;mn0000933883;Al Stewart;UCMSnwh4D7Dp8LRo7MW8dHuQ;Al Stewart - Topic;mn0000921934;Al Stewart & Shot In the Dark;1776;1490351
10;mn0000933883;Al Stewart;UCMSnwh4D7Dp8LRo7MW8dHuQ;Al Stewart - Topic;mn0001780751;John Mitchell;1776;1490351
13;mn0000933883;Al Stewart;UCMSnwh4D7Dp8LRo7MW8dHuQ;Al Stewart - Topic;mn0001823907;Don Airy;1776;1490351
16;mn0000933883;Al Stewart;UCMSnwh4D7Dp8LRo7MW8dHuQ;Al Stewart - Topic;mn0001241365;Syd Twynham;1776;1490351
33;mn0000031274;Alan Parsons;UCvb0RGY80J8LSG1kIwNSXHA;The Alan Parsons Project - Topic;mn0000988042;Gary Green;7873;2917571
191;mn0000031274;Alan Parsons;UCvb0RGY80J8LSG1kIwNSXHA;The Alan Parsons Project - Topic;mn0001176481;The Alan Parsons Project;7873;2917571
8;mn0000031274;Alan Parsons;UCvb0RGY80J8LSG1kIwNSXHA;The Alan Parsons Project - Topic;mn0000136124;The Crystal Method;7873;2917571
7;mn0000031274;Alan Parsons;UCvb0RGY80J8LSG1kIwNSXHA;The Alan Parsons Project - Topic;mn0000995873;Jay Shepheard;7873;2917571
1;mn0003476307;Alan Walker;UCJrOtniJ0-NWz37R30urifQ;Alan Walker;mn0003416170;Sofia Carson;22034976;-2147483648
1;mn0003476307;Alan Walker;UCJrOtniJ0-NWz37R30urifQ;Alan Walker;mn0003166261;Gavin James;22034976;-2147483648
2;mn0003476307;Alan Walker;UCJrOtniJ0-NWz37R30urifQ;Alan Walker;mn0002817246;Noah Cyrus;22034976;-2147483648
4;mn0003476307;Alan Walker;UCJrOtniJ0-NWz37R30urifQ;Alan Walker;mn0003158872;Au.Ra;22034976;-2147483648
9;mn0000932665;Alanis Morissette;UCrTC0tOY5aujQFYDRf65xiw;Alanis Morissette;mn0000757473;Sybersound;401027;313188791
6;mn0000932665;Alanis Morissette;UCrTC0tOY5aujQFYDRf65xiw;Alanis Morissette;mn0000191373;Eugene Hütz;401027;313188791
42;mn0000932665;Alanis Morissette;UCrTC0tOY5aujQFYDRf65xiw;Alanis Morissette;mn0000451562;Souleye;401027;313188791
24;mn0000609518;Alaska;UCLEEy235pg5e9EghU93GQsw;ALASKA;mn0000319953;Jeremy;371954;60654254
2;mn0000609518;Alaska;UCLEEy235pg5e9EghU93GQsw;ALASKA;mn0000402440;Raphael;371954;60654254
28;mn0000617613;Alejandro Fernández;UC0K-1_31jfkcA4Nd294gMyA;Alejandro Fernández;mn0000946922;Héctor Acosta;2211541;12018302
191;mn0000617613;Alejandro Fernández;UC0K-1_31jfkcA4Nd294gMyA;Alejandro Fernández;mn0000197424;Vicente Fernández;2211541;12018302
21;mn0000617613;Alejandro Fernández;UC0K-1_31jfkcA4Nd294gMyA;Alejandro Fernández;mn0000240252;Juan Gabriel;2211541;12018302
30;mn0000617613;Alejandro Fernández;UC0K-1_31jfkcA4Nd294gMyA;Alejandro Fernández;mn0000664817;Gloria Estefan;2211541;12018302
19;mn0000617613;Alejandro Fernández;UC0K-1_31jfkcA4Nd294gMyA;Alejandro Fernández;mn0000784617;Joan Sebastian;2211541;12018302
36;mn0000617613;Alejandro Fernández;UC0K-1_31jfkcA4Nd294gMyA;Alejandro Fernández;mn0000851639;Plácido Domingo;2211541;12018302
14;mn0000617613;Alejandro Fernández;UC0K-1_31jfkcA4Nd294gMyA;Alejandro Fernández;mn0000892775;Miguel Bosé;2211541;12018302
7;mn0000619388;Alejandro Sanz;UCCEZY5vEQBsQN5i3ceiLo7g;AlejandroSanzVEVO;mn0002963284;Mpilo Teen Club;1008610;729681853
7;mn0000619388;Alejandro Sanz;UCCEZY5vEQBsQN5i3ceiLo7g;AlejandroSanzVEVO;mn0000186312;Celia Cruz;1008610;729681853
31;mn0000619388;Alejandro Sanz;UCCEZY5vEQBsQN5i3ceiLo7g;AlejandroSanzVEVO;mn0000127967;Antonio Orozco;1008610;729681853
35;mn0000619388;Alejandro Sanz;UCCEZY5vEQBsQN5i3ceiLo7g;AlejandroSanzVEVO;mn0000082639;Paco de Lucía;1008610;729681853
2;mn0000619388;Alejandro Sanz;UCCEZY5vEQBsQN5i3ceiLo7g;AlejandroSanzVEVO;mn0001062401;Pedro Abrunhosa;1008610;729681853
13;mn0000619388;Alejandro Sanz;UCCEZY5vEQBsQN5i3ceiLo7g;AlejandroSanzVEVO;mn0000009113;Paolo Vallesi;1008610;729681853
13;mn0000619388;Alejandro Sanz;UCCEZY5vEQBsQN5i3ceiLo7g;AlejandroSanzVEVO;mn0000329329;Dani Martín;1008610;729681853
18;mn0000619388;Alejandro Sanz;UCCEZY5vEQBsQN5i3ceiLo7g;AlejandroSanzVEVO;mn0002963348;Sipepa;1008610;729681853
15;mn0000619388;Alejandro Sanz;UCCEZY5vEQBsQN5i3ceiLo7g;AlejandroSanzVEVO;mn0000075591;The Corrs;1008610;729681853
21;mn0000619388;Alejandro Sanz;UCCEZY5vEQBsQN5i3ceiLo7g;AlejandroSanzVEVO;mn0000266458;Diego Carrasco;1008610;729681853
4;mn0000619388;Alejandro Sanz;UCCEZY5vEQBsQN5i3ceiLo7g;AlejandroSanzVEVO;mn0000402440;Raphael;1008610;729681853
14;mn0000619388;Alejandro Sanz;UCCEZY5vEQBsQN5i3ceiLo7g;AlejandroSanzVEVO;mn0000197423;Vicente Amigo;1008610;729681853
4;mn0000619388;Alejandro Sanz;UCCEZY5vEQBsQN5i3ceiLo7g;AlejandroSanzVEVO;mn0000660558;Gian Marco;1008610;729681853
23;mn0000619388;Alejandro Sanz;UCCEZY5vEQBsQN5i3ceiLo7g;AlejandroSanzVEVO;mn0000450007;Reychesta Secretweapon;1008610;729681853
7;mn0000619388;Alejandro Sanz;UCCEZY5vEQBsQN5i3ceiLo7g;AlejandroSanzVEVO;mn0000867980;Nicky Jam;1008610;729681853
28;mn0000619388;Alejandro Sanz;UCCEZY5vEQBsQN5i3ceiLo7g;AlejandroSanzVEVO;mn0000790797;Shakira;1008610;729681853
18;mn0000619388;Alejandro Sanz;UCCEZY5vEQBsQN5i3ceiLo7g;AlejandroSanzVEVO;mn0000788407;Alfredo Golino;1008610;729681853
18;mn0000619388;Alejandro Sanz;UCCEZY5vEQBsQN5i3ceiLo7g;AlejandroSanzVEVO;mn0000905574;Ivete Sangalo;1008610;729681853
23;mn0000619388;Alejandro Sanz;UCCEZY5vEQBsQN5i3ceiLo7g;AlejandroSanzVEVO;mn0000515395;Pastora Soler;1008610;729681853
15;mn0000619388;Alejandro Sanz;UCCEZY5vEQBsQN5i3ceiLo7g;AlejandroSanzVEVO;mn0000719066;Juan Habichuela;1008610;729681853
4;mn0000619388;Alejandro Sanz;UCCEZY5vEQBsQN5i3ceiLo7g;AlejandroSanzVEVO;mn0000302774;Roger Sanchez;1008610;729681853
5;mn0001750962;Alesha Dixon;UCfY49hxU6SByzF1EWaXi8iQ;Alesha Dixon;mn0000380526;Jay Sean;83990;48188202
2;mn0001750962;Alesha Dixon;UCfY49hxU6SByzF1EWaXi8iQ;Alesha Dixon;mn0000682814;Wiley;83990;48188202
3;mn0000619582;Alex Ubago;UCqGsUXYUYJsAcqi5fOzo4Zw;AlexUbagoChannel;mn0000138235;Laura Pausini;10184;1177029
8;mn0000619582;Alex Ubago;UCqGsUXYUYJsAcqi5fOzo4Zw;AlexUbagoChannel;mn0000304200;Lu;10184;1177029
13;mn0000619582;Alex Ubago;UCqGsUXYUYJsAcqi5fOzo4Zw;AlexUbagoChannel;mn0000077615;King Africa;10184;1177029
3;mn0000619582;Alex Ubago;UCqGsUXYUYJsAcqi5fOzo4Zw;AlexUbagoChannel;mn0000795360;Carlos Baute;10184;1177029
14;mn0000619582;Alex Ubago;UCqGsUXYUYJsAcqi5fOzo4Zw;AlexUbagoChannel;mn0001985864;La 5ª Estación;10184;1177029
98;mn0000005953;Alice Cooper;UC4kxdw7t3p1gedZ5Jp3HS5w;AliceCooperVEVO;mn0000021009;Slash;178430;213016410
57;mn0000005953;Alice Cooper;UC4kxdw7t3p1gedZ5Jp3HS5w;AliceCooperVEVO;mn0001528528;Billion Dollar Babies;178430;213016410
31;mn0000005953;Alice Cooper;UC4kxdw7t3p1gedZ5Jp3HS5w;AliceCooperVEVO;mn0000216311;Vincent Price;178430;213016410
41;mn0000005953;Alice Cooper;UC4kxdw7t3p1gedZ5Jp3HS5w;AliceCooperVEVO;mn0002168235;California Boys Choir;178430;213016410
25;mn0000005953;Alice Cooper;UC4kxdw7t3p1gedZ5Jp3HS5w;AliceCooperVEVO;mn0000193963;Warrant;178430;213016410
24;mn0000005953;Alice Cooper;UC4kxdw7t3p1gedZ5Jp3HS5w;AliceCooperVEVO;mn0000059819;Betty Wright;178430;213016410
3;mn0000005953;Alice Cooper;UC4kxdw7t3p1gedZ5Jp3HS5w;AliceCooperVEVO;mn0000003595;Andrew Lloyd Webber;178430;213016410
14;mn0000005953;Alice Cooper;UC4kxdw7t3p1gedZ5Jp3HS5w;AliceCooperVEVO;mn0000625014;Brian Auger;178430;213016410
51;mn0000005953;Alice Cooper;UC4kxdw7t3p1gedZ5Jp3HS5w;AliceCooperVEVO;mn0000885501;Michael Bruce;178430;213016410
19;mn0000005953;Alice Cooper;UC4kxdw7t3p1gedZ5Jp3HS5w;AliceCooperVEVO;mn0000774227;Nicole Scherzinger;178430;213016410
33;mn0000005953;Alice Cooper;UC4kxdw7t3p1gedZ5Jp3HS5w;AliceCooperVEVO;mn0000754055;Sophie B. Hawkins;178430;213016410
57;mn0000005953;Alice Cooper;UC4kxdw7t3p1gedZ5Jp3HS5w;AliceCooperVEVO;mn0000235169;Rob Zombie;178430;213016410
6;mn0000005953;Alice Cooper;UC4kxdw7t3p1gedZ5Jp3HS5w;AliceCooperVEVO;mn0003735808;Original Television Cast of Jesus Christ Superstar Live In Concert;178430;213016410
40;mn0000005953;Alice Cooper;UC4kxdw7t3p1gedZ5Jp3HS5w;AliceCooperVEVO;mn0000930444;Airbourne;178430;213016410
13;mn0000007920;Alice In Chains;UChf0Knt-e9Pw8VywfuTZCjA;AliceInChainsVEVO;mn0000812802;Death in Vegas;359801;392694068
7;mn0000007920;Alice In Chains;UChf0Knt-e9Pw8VywfuTZCjA;AliceInChainsVEVO;mn0000203008;Rush;359801;392694068
13;mn0000005307;Alicia Keys;UCK5X3f0fxO4YnVKVZP8p6hg;Alicia Keys;mn0000065618;Baka Boyz;3264720;43813185
21;mn0000005307;Alicia Keys;UCK5X3f0fxO4YnVKVZP8p6hg;Alicia Keys;mn0000239827;John Mayer;3264720;43813185
3;mn0000005307;Alicia Keys;UCK5X3f0fxO4YnVKVZP8p6hg;Alicia Keys;mn0000197355;Freeway;3264720;43813185
28;mn0000005307;Alicia Keys;UCK5X3f0fxO4YnVKVZP8p6hg;Alicia Keys;mn0000150962;Eve;3264720;43813185
18;mn0000005307;Alicia Keys;UCK5X3f0fxO4YnVKVZP8p6hg;Alicia Keys;mn0000319338;Luke Ebbin;3264720;43813185
2;mn0000005307;Alicia Keys;UCK5X3f0fxO4YnVKVZP8p6hg;Alicia Keys;mn0000420967;Memphis Jug Band;3264720;43813185
16;mn0000005307;Alicia Keys;UCK5X3f0fxO4YnVKVZP8p6hg;Alicia Keys;mn0000550233;Chris Blue;3264720;43813185
6;mn0000005307;Alicia Keys;UCK5X3f0fxO4YnVKVZP8p6hg;Alicia Keys;mn0000312890;Justin Timberlake;3264720;43813185
15;mn0000005307;Alicia Keys;UCK5X3f0fxO4YnVKVZP8p6hg;Alicia Keys;mn0000771269;Bono;3264720;43813185
2;mn0000005307;Alicia Keys;UCK5X3f0fxO4YnVKVZP8p6hg;Alicia Keys;mn0000201983;Westlife;3264720;43813185
26;mn0000005307;Alicia Keys;UCK5X3f0fxO4YnVKVZP8p6hg;Alicia Keys;mn0001002995;Vitamin String Quartet;3264720;43813185
8;mn0000005307;Alicia Keys;UCK5X3f0fxO4YnVKVZP8p6hg;Alicia Keys;mn0000967055;Children of Agape;3264720;43813185
30;mn0000005307;Alicia Keys;UCK5X3f0fxO4YnVKVZP8p6hg;Alicia Keys;mn0000630035;Nancy McClean;3264720;43813185
5;mn0000005307;Alicia Keys;UCK5X3f0fxO4YnVKVZP8p6hg;Alicia Keys;mn0000780734;Jadakiss;3264720;43813185
23;mn0000005307;Alicia Keys;UCK5X3f0fxO4YnVKVZP8p6hg;Alicia Keys;mn0000774551;J Love;3264720;43813185
12;mn0000005307;Alicia Keys;UCK5X3f0fxO4YnVKVZP8p6hg;Alicia Keys;mn0000919805;50 Cent;3264720;43813185
6;mn0000000534;All Saints;UCSf2D9Hl9_wLDVr-hp05BmA;ALLSAINTS;mn0000642542;Burt Bacharach;24007;101023
8;mn0000000534;All Saints;UCSf2D9Hl9_wLDVr-hp05BmA;ALLSAINTS;mn0000815862;All-Saints Ensemble;24007;101023
50;mn0000000534;All Saints;UCSf2D9Hl9_wLDVr-hp05BmA;ALLSAINTS;mn0001233067;Danny Thompson;24007;101023
10;mn0000000534;All Saints;UCSf2D9Hl9_wLDVr-hp05BmA;ALLSAINTS;mn0000344634;Melanie Blatt;24007;101023
17;mn0000790509;Alphaville;UC-GWJZkyivsS-0yMjKMH0AA;Alphaville - Topic;mn0000237177;Louis Jordan & His Tympany 5;3449;4080992
28;mn0000790509;Alphaville;UC-GWJZkyivsS-0yMjKMH0AA;Alphaville - Topic;mn0001063520;Gregor Meyle;3449;4080992
14;mn0000790509;Alphaville;UC-GWJZkyivsS-0yMjKMH0AA;Alphaville - Topic;mn0002061385;Stefano Prada;3449;4080992
2;mn0000560453;Amaia Montero;UCUBlG-MkFjksX7Cb2ofN9gQ;amaiamonteroVEVO;mn0000183635;Mikel Erentxun;288634;194391525
4;mn0000560453;Amaia Montero;UCUBlG-MkFjksX7Cb2ofN9gQ;amaiamonteroVEVO;mn0000610166;Tiziano Ferro;288634;194391525
4;mn0000560453;Amaia Montero;UCUBlG-MkFjksX7Cb2ofN9gQ;amaiamonteroVEVO;mn0000892775;Miguel Bosé;288634;194391525
3;mn0000560453;Amaia Montero;UCUBlG-MkFjksX7Cb2ofN9gQ;amaiamonteroVEVO;mn0000728059;Fonseca;288634;194391525
2;mn0000560453;Amaia Montero;UCUBlG-MkFjksX7Cb2ofN9gQ;amaiamonteroVEVO;mn0000261461;José Luis Rodríguez;288634;194391525
47;mn0000017857;Amaral;UC5qFG6DtTqTBf91y8Ayh3xA;Pedro Amaral;mn0000619398;Aleks Syntek;547083;24040953
8;mn0000017857;Amaral;UC5qFG6DtTqTBf91y8Ayh3xA;Pedro Amaral;mn0002418776;La Ida;547083;24040953
12;mn0000017857;Amaral;UC5qFG6DtTqTBf91y8Ayh3xA;Pedro Amaral;mn0000244106;Chetes;547083;24040953
7;mn0000017857;Amaral;UC5qFG6DtTqTBf91y8Ayh3xA;Pedro Amaral;mn0000491137;Los Piratas;547083;24040953
8;mn0000769159;Amparanoia;UCzfA1278Uq22jQVCV6q19ug;Amparanoia - Topic;mn0000944293;Calexico;375;76145
2;mn0000769159;Amparanoia;UCzfA1278Uq22jQVCV6q19ug;Amparanoia - Topic;mn0000748774;Amparanola;375;76145
15;mn0000769159;Amparanoia;UCzfA1278Uq22jQVCV6q19ug;Amparanoia - Topic;mn0000734383;Dhira;375;76145
4;mn0000769159;Amparanoia;UCzfA1278Uq22jQVCV6q19ug;Amparanoia - Topic;mn0000345051;Rosario;375;76145
3;mn0000769159;Amparanoia;UCzfA1278Uq22jQVCV6q19ug;Amparanoia - Topic;mn0000576549;7 Notas 7 Colores;375;76145
8;mn0000728025;Amy MacDonald;UCMf7B1VAmNzjHFRWz1wuMZA;AmyMacdonaldVEVO;mn0000345245;Ray Davies;130858;141663905
9;mn0000728025;Amy MacDonald;UCMf7B1VAmNzjHFRWz1wuMZA;AmyMacdonaldVEVO;mn0001750258;Dave Ruffy;130858;141663905
11;mn0000728025;Amy MacDonald;UCMf7B1VAmNzjHFRWz1wuMZA;AmyMacdonaldVEVO;mn0001221698;Amy McDonald;130858;141663905
6;mn0000627026;Amy Winehouse;UCHai12P6Gh7PaIYZGnzyrSA;AmyWinehouseVEVO;mn0001085761;Cheryl;1640444;1259494250
4;mn0000627026;Amy Winehouse;UCHai12P6Gh7PaIYZGnzyrSA;AmyWinehouseVEVO;mn0000237773;Mark Ronson;1640444;1259494250
2;mn0000627026;Amy Winehouse;UCHai12P6Gh7PaIYZGnzyrSA;AmyWinehouseVEVO;mn0000526819;Strange Cargo;1640444;1259494250
8;mn0000627026;Amy Winehouse;UCHai12P6Gh7PaIYZGnzyrSA;AmyWinehouseVEVO;mn0001863612;Ade;1640444;1259494250
13;mn0000627026;Amy Winehouse;UCHai12P6Gh7PaIYZGnzyrSA;AmyWinehouseVEVO;mn0000198134;Mutya Buena;1640444;1259494250
5;mn0000627026;Amy Winehouse;UCHai12P6Gh7PaIYZGnzyrSA;AmyWinehouseVEVO;mn0000373634;Nas;1640444;1259494250
15;mn0000627026;Amy Winehouse;UCHai12P6Gh7PaIYZGnzyrSA;AmyWinehouseVEVO;mn0000821636;Jools Holland & His Rhythm & Blues Orchestra;1640444;1259494250
8;mn0000627026;Amy Winehouse;UCHai12P6Gh7PaIYZGnzyrSA;AmyWinehouseVEVO;mn0000655746;Ghostface Killah;1640444;1259494250
39;mn0000627026;Amy Winehouse;UCHai12P6Gh7PaIYZGnzyrSA;AmyWinehouseVEVO;mn0000592862;Antonio Pinto;1640444;1259494250
10;mn0000627026;Amy Winehouse;UCHai12P6Gh7PaIYZGnzyrSA;AmyWinehouseVEVO;mn0000065706;John Dankworth;1640444;1259494250
2;mn0000627026;Amy Winehouse;UCHai12P6Gh7PaIYZGnzyrSA;AmyWinehouseVEVO;mn0000844872;Pharoahe Monch;1640444;1259494250
5;mn0000627026;Amy Winehouse;UCHai12P6Gh7PaIYZGnzyrSA;AmyWinehouseVEVO;mn0000029791;Paul Weller;1640444;1259494250
28;mn0000026061;Ana Belén;UCIbghfR6TYMvvncB1OcglDg;Ana Belén - Topic;mn0000740186;Cecilia;1933;525186
69;mn0000026061;Ana Belén;UCIbghfR6TYMvvncB1OcglDg;Ana Belén - Topic;mn0000492846;Miguel Ríos;1933;525186
5;mn0000026061;Ana Belén;UCIbghfR6TYMvvncB1OcglDg;Ana Belén - Topic;mn0000388727;Raimundo Fagner;1933;525186
19;mn0000026061;Ana Belén;UCIbghfR6TYMvvncB1OcglDg;Ana Belén - Topic;mn0000805858;Estopa;1933;525186
19;mn0000026061;Ana Belén;UCIbghfR6TYMvvncB1OcglDg;Ana Belén - Topic;mn0001903477;Pancho Céspedes;1933;525186
5;mn0000026061;Ana Belén;UCIbghfR6TYMvvncB1OcglDg;Ana Belén - Topic;mn0000175874;Fito Páez;1933;525186
5;mn0000026061;Ana Belén;UCIbghfR6TYMvvncB1OcglDg;Ana Belén - Topic;mn0000167220;Djavan;1933;525186
33;mn0000026061;Ana Belén;UCIbghfR6TYMvvncB1OcglDg;Ana Belén - Topic;mn0000095613;Chico Buarque;1933;525186
19;mn0000026061;Ana Belén;UCIbghfR6TYMvvncB1OcglDg;Ana Belén - Topic;mn0000111184;Jairo;1933;525186
36;mn0000026061;Ana Belén;UCIbghfR6TYMvvncB1OcglDg;Ana Belén - Topic;mn0000143559;Joaquín Sabina;1933;525186
56;mn0000026061;Ana Belén;UCIbghfR6TYMvvncB1OcglDg;Ana Belén - Topic;mn0000252172;Lucio Dalla;1933;525186
102;mn0000026061;Ana Belén;UCIbghfR6TYMvvncB1OcglDg;Ana Belén - Topic;mn0000172360;Víctor Manuel;1933;525186
72;mn0000026061;Ana Belén;UCIbghfR6TYMvvncB1OcglDg;Ana Belén - Topic;mn0002951172;Victor Manuel;1933;525186
18;mn0000750024;Ana Torroja;UC74dkxEEPkJSrtKRxfRXrgw;AnaTorrojaVEVO;mn0000360817;Presuntos Implicados;45863;38666950
3;mn0000750024;Ana Torroja;UC74dkxEEPkJSrtKRxfRXrgw;AnaTorrojaVEVO;mn0000010743;Patrick Bruel;45863;38666950
6;mn0000750024;Ana Torroja;UC74dkxEEPkJSrtKRxfRXrgw;AnaTorrojaVEVO;mn0003381247;Caloncho;45863;38666950
64;mn0000750024;Ana Torroja;UC74dkxEEPkJSrtKRxfRXrgw;AnaTorrojaVEVO;mn0000892775;Miguel Bosé;45863;38666950
9;mn0000750024;Ana Torroja;UC74dkxEEPkJSrtKRxfRXrgw;AnaTorrojaVEVO;mn0000640630;Leonel García;45863;38666950
4;mn0000750024;Ana Torroja;UC74dkxEEPkJSrtKRxfRXrgw;AnaTorrojaVEVO;mn0001051748;Psy 4 de la Rime;45863;38666950
12;mn0000031442;Anastacia;UCTeTkUjjdRO4TA14GTRAUhg;Anastacia Kay;mn0000858827;Queen;481463;40077013
3;mn0000031442;Anastacia;UCTeTkUjjdRO4TA14GTRAUhg;Anastacia Kay;mn0000107090;Cher;481463;40077013
19;mn0000031442;Anastacia;UCTeTkUjjdRO4TA14GTRAUhg;Anastacia Kay;mn0000176358;Jamiroquai;481463;40077013
6;mn0000031442;Anastacia;UCTeTkUjjdRO4TA14GTRAUhg;Anastacia Kay;mn0001352721;Anastácia;481463;40077013
23;mn0000031442;Anastacia;UCTeTkUjjdRO4TA14GTRAUhg;Anastacia Kay;mn0000796734;Elton John;481463;40077013
9;mn0000031442;Anastacia;UCTeTkUjjdRO4TA14GTRAUhg;Anastacia Kay;mn0001477634;Maruça;481463;40077013
6;mn0000031442;Anastacia;UCTeTkUjjdRO4TA14GTRAUhg;Anastacia Kay;mn0000217761;Umberto Tozzi;481463;40077013
25;mn0000031442;Anastacia;UCTeTkUjjdRO4TA14GTRAUhg;Anastacia Kay;mn0000601079;Eros Ramazzotti;481463;40077013
9;mn0000031442;Anastacia;UCTeTkUjjdRO4TA14GTRAUhg;Anastacia Kay;mn0000810166;Vonda Shepard;481463;40077013
7;mn0000031442;Anastacia;UCTeTkUjjdRO4TA14GTRAUhg;Anastacia Kay;mn0000186185;Céline Dion;481463;40077013
63;mn0000751613;Andrea Bocelli;UCb4JB8-ZAeceuR7EPCPOPzg;Andrea Bocelli;mn0001368184;David Garrett;1706802;39647341
23;mn0000751613;Andrea Bocelli;UCb4JB8-ZAeceuR7EPCPOPzg;Andrea Bocelli;mn0001024153;Veronica Berti;1706802;39647341
27;mn0000751613;Andrea Bocelli;UCb4JB8-ZAeceuR7EPCPOPzg;Andrea Bocelli;mn0000861757;David Foster;1706802;39647341
17;mn0000751613;Andrea Bocelli;UCb4JB8-ZAeceuR7EPCPOPzg;Andrea Bocelli;mn0000778542;Holly Stell;1706802;39647341
63;mn0000751613;Andrea Bocelli;UCb4JB8-ZAeceuR7EPCPOPzg;Andrea Bocelli;mn0000622805;Stevie Wonder;1706802;39647341
15;mn0000751613;Andrea Bocelli;UCb4JB8-ZAeceuR7EPCPOPzg;Andrea Bocelli;mn0000275335;Josh Groban;1706802;39647341
3;mn0000751613;Andrea Bocelli;UCb4JB8-ZAeceuR7EPCPOPzg;Andrea Bocelli;mn0000534528;Hélène Ségara;1706802;39647341
40;mn0000751613;Andrea Bocelli;UCb4JB8-ZAeceuR7EPCPOPzg;Andrea Bocelli;mn0000081335;Katherine Jenkins;1706802;39647341
115;mn0000751613;Andrea Bocelli;UCb4JB8-ZAeceuR7EPCPOPzg;Andrea Bocelli;mn0000068934;Kenny G;1706802;39647341
49;mn0000751613;Andrea Bocelli;UCb4JB8-ZAeceuR7EPCPOPzg;Andrea Bocelli;mn0000527469;Bryn Terfel;1706802;39647341
66;mn0000751613;Andrea Bocelli;UCb4JB8-ZAeceuR7EPCPOPzg;Andrea Bocelli;mn0000030689;Mario Klemens;1706802;39647341
279;mn0000751613;Andrea Bocelli;UCb4JB8-ZAeceuR7EPCPOPzg;Andrea Bocelli;mn0000602907;London Symphony Orchestra;1706802;39647341
4;mn0000032438;Andrea Corr;UCbf7RSta_cgMhOYR_l2LkEQ;The Corrs (official);mn0000007230;Brian May;36932;4322319
2;mn0000032438;Andrea Corr;UCbf7RSta_cgMhOYR_l2LkEQ;The Corrs (official);mn0000237205;Madonna;36932;4322319
3;mn0000032438;Andrea Corr;UCbf7RSta_cgMhOYR_l2LkEQ;The Corrs (official);mn0000075591;The Corrs;36932;4322319
3;mn0000032438;Andrea Corr;UCbf7RSta_cgMhOYR_l2LkEQ;The Corrs (official);mn0000098081;Engelbert Humperdinck;36932;4322319
23;mn0000025597;Andrés Calamaro;UCmScN8QPLtu6bjUpvfehDDQ;Andrés Calamaro - Topic;mn0002144432;Gabriel Carámbula;16821;1819629
34;mn0000025597;Andrés Calamaro;UCmScN8QPLtu6bjUpvfehDDQ;Andrés Calamaro - Topic;mn0003185900;Calamaro;16821;1819629
14;mn0000025597;Andrés Calamaro;UCmScN8QPLtu6bjUpvfehDDQ;Andrés Calamaro - Topic;mn0002317351;Diego Maradona;16821;1819629
218;mn0000025597;Andrés Calamaro;UCmScN8QPLtu6bjUpvfehDDQ;Andrés Calamaro - Topic;mn0002307224;Fito & Fitipaldis;16821;1819629
44;mn0000025597;Andrés Calamaro;UCmScN8QPLtu6bjUpvfehDDQ;Andrés Calamaro - Topic;mn0000808937;David Hidalgo;16821;1819629
27;mn0000025597;Andrés Calamaro;UCmScN8QPLtu6bjUpvfehDDQ;Andrés Calamaro - Topic;mn0000238313;Los Auténticos Decadentes;16821;1819629
40;mn0000025597;Andrés Calamaro;UCmScN8QPLtu6bjUpvfehDDQ;Andrés Calamaro - Topic;mn0001623748;Virgilio Exposito;16821;1819629
7;mn0000025597;Andrés Calamaro;UCmScN8QPLtu6bjUpvfehDDQ;Andrés Calamaro - Topic;mn0000102985;Julio Iglesias;16821;1819629
31;mn0000025597;Andrés Calamaro;UCmScN8QPLtu6bjUpvfehDDQ;Andrés Calamaro - Topic;mn0002297544;Juanse;16821;1819629
67;mn0000025597;Andrés Calamaro;UCmScN8QPLtu6bjUpvfehDDQ;Andrés Calamaro - Topic;mn0003185899;Bunbury;16821;1819629
39;mn0000025597;Andrés Calamaro;UCmScN8QPLtu6bjUpvfehDDQ;Andrés Calamaro - Topic;mn0001922391;Langui;16821;1819629
20;mn0000025597;Andrés Calamaro;UCmScN8QPLtu6bjUpvfehDDQ;Andrés Calamaro - Topic;mn0000146053;Claudio Gabis;16821;1819629
1;mn0002523087;Andy&Lucas;UCLUi5qNAy5THSAI4neRPkSQ;Andy & Lucas - Topic;mn0000041318;Andy & Lucas;4139;1899998
1;mn0002523087;Andy&Lucas;UCLUi5qNAy5THSAI4neRPkSQ;Andy & Lucas - Topic;mn0001463622;Haze;4139;1899998
6;mn0000585249;Annie Lennox;UCYkW00cPFkp1UzYON7XZB2A;EurythmicsVEVO;mn0000607448;Al Green;417027;456474303
7;mn0000585249;Annie Lennox;UCYkW00cPFkp1UzYON7XZB2A;EurythmicsVEVO;mn0000257274;Jools Holland;417027;456474303
14;mn0000585249;Annie Lennox;UCYkW00cPFkp1UzYON7XZB2A;EurythmicsVEVO;mn0000625179;London Oratory School Schola;417027;456474303
3;mn0000585249;Annie Lennox;UCYkW00cPFkp1UzYON7XZB2A;EurythmicsVEVO;mn0000531986;David Bowie;417027;456474303
10;mn0000585249;Annie Lennox;UCYkW00cPFkp1UzYON7XZB2A;EurythmicsVEVO;mn0000808336;Ryan Adams;417027;456474303
4;mn0000585249;Annie Lennox;UCYkW00cPFkp1UzYON7XZB2A;EurythmicsVEVO;mn0000694102;Yungchen Lhamo;417027;456474303
31;mn0000585249;Annie Lennox;UCYkW00cPFkp1UzYON7XZB2A;EurythmicsVEVO;mn0000031685;Paul Simon;417027;456474303
6;mn0000585249;Annie Lennox;UCYkW00cPFkp1UzYON7XZB2A;EurythmicsVEVO;mn0000575695;Dave Stewart;417027;456474303
21;mn0000585249;Annie Lennox;UCYkW00cPFkp1UzYON7XZB2A;EurythmicsVEVO;mn0003450708;Matthew Atticus Berger;417027;456474303
37;mn0000781837;Antonio Carlos Jobim;UCDg8OKNNZEvWvMAYtXZMPMQ;Antônio Carlos Jobim - Topic;mn0000179427;Ed Eastridge;8277;998233
56;mn0000781837;Antonio Carlos Jobim;UCDg8OKNNZEvWvMAYtXZMPMQ;Antônio Carlos Jobim - Topic;mn0000219243;Vinícius de Moraes;8277;998233
45;mn0000781837;Antonio Carlos Jobim;UCDg8OKNNZEvWvMAYtXZMPMQ;Antônio Carlos Jobim - Topic;mn0000547873;Dimas de Moraes;8277;998233
6;mn0000781837;Antonio Carlos Jobim;UCDg8OKNNZEvWvMAYtXZMPMQ;Antônio Carlos Jobim - Topic;mn0000547091;Grupo Chuvano Na Roseiro;8277;998233
8;mn0000781837;Antonio Carlos Jobim;UCDg8OKNNZEvWvMAYtXZMPMQ;Antônio Carlos Jobim - Topic;mn0000394187;Mavis Rivers;8277;998233
31;mn0000781837;Antonio Carlos Jobim;UCDg8OKNNZEvWvMAYtXZMPMQ;Antônio Carlos Jobim - Topic;mn0000095613;Chico Buarque;8277;998233
52;mn0000781837;Antonio Carlos Jobim;UCDg8OKNNZEvWvMAYtXZMPMQ;Antônio Carlos Jobim - Topic;mn0000219021;Luiz Bonfá;8277;998233
24;mn0000781837;Antonio Carlos Jobim;UCDg8OKNNZEvWvMAYtXZMPMQ;Antônio Carlos Jobim - Topic;mn0000191699;Gal Costa;8277;998233
92;mn0000781837;Antonio Carlos Jobim;UCDg8OKNNZEvWvMAYtXZMPMQ;Antônio Carlos Jobim - Topic;mn0000785283;João Gilberto;8277;998233
43;mn0000781837;Antonio Carlos Jobim;UCDg8OKNNZEvWvMAYtXZMPMQ;Antônio Carlos Jobim - Topic;mn0000742899;Stan Getz;8277;998233
105;mn0000781837;Antonio Carlos Jobim;UCDg8OKNNZEvWvMAYtXZMPMQ;Antônio Carlos Jobim - Topic;mn0000578117;Miúcha;8277;998233
20;mn0000781837;Antonio Carlos Jobim;UCDg8OKNNZEvWvMAYtXZMPMQ;Antônio Carlos Jobim - Topic;mn0000797056;Elis Regina;8277;998233
49;mn0000781837;Antonio Carlos Jobim;UCDg8OKNNZEvWvMAYtXZMPMQ;Antônio Carlos Jobim - Topic;mn0000798543;Edú Lobo;8277;998233
8;mn0000781837;Antonio Carlos Jobim;UCDg8OKNNZEvWvMAYtXZMPMQ;Antônio Carlos Jobim - Topic;mn0000887806;Oleta Adams;8277;998233
40;mn0000781837;Antonio Carlos Jobim;UCDg8OKNNZEvWvMAYtXZMPMQ;Antônio Carlos Jobim - Topic;mn0002040958;Cibele Codonho;8277;998233
30;mn0000781837;Antonio Carlos Jobim;UCDg8OKNNZEvWvMAYtXZMPMQ;Antônio Carlos Jobim - Topic;mn0002385653;Eumir Deodato;8277;998233
24;mn0000781837;Antonio Carlos Jobim;UCDg8OKNNZEvWvMAYtXZMPMQ;Antônio Carlos Jobim - Topic;mn0000103600;Christian McBride;8277;998233
8;mn0000494672;Antonio Flores;UCz6pVllXiwD0nL_sNsNhZ5w;Antonio Flores - Topic;mn0000672809;Manuel Valdéz;701;182328
1;mn0000494672;Antonio Flores;UCz6pVllXiwD0nL_sNsNhZ5w;Antonio Flores - Topic;mn0000491577;Antonio Y Rosario Flores;701;182328
3;mn0000494672;Antonio Flores;UCz6pVllXiwD0nL_sNsNhZ5w;Antonio Flores - Topic;mn0000138672;Joan Manuel Serrat;701;182328
5;mn0000494672;Antonio Flores;UCz6pVllXiwD0nL_sNsNhZ5w;Antonio Flores - Topic;mn0000082482;Ketama;701;182328
2;mn0000494672;Antonio Flores;UCz6pVllXiwD0nL_sNsNhZ5w;Antonio Flores - Topic;mn0000492846;Miguel Ríos;701;182328
10;mn0000494672;Antonio Flores;UCz6pVllXiwD0nL_sNsNhZ5w;Antonio Flores - Topic;mn0000026061;Ana Belén;701;182328
7;mn0000127967;Antonio Orozco;UCgGS3ZLoy95z51vGVUCO_rA;AntonioOrozcoVEVO;mn0003690766;Coro Safari;254091;209490609
2;mn0000127967;Antonio Orozco;UCgGS3ZLoy95z51vGVUCO_rA;AntonioOrozcoVEVO;mn0002952108;Pablo López;254091;209490609
11;mn0000127967;Antonio Orozco;UCgGS3ZLoy95z51vGVUCO_rA;AntonioOrozcoVEVO;mn0000635848;David Bisbal;254091;209490609
6;mn0000127967;Antonio Orozco;UCgGS3ZLoy95z51vGVUCO_rA;AntonioOrozcoVEVO;mn0000494672;Antonio Flores;254091;209490609
15;mn0000127967;Antonio Orozco;UCgGS3ZLoy95z51vGVUCO_rA;AntonioOrozcoVEVO;mn0002830888;Arcángel;254091;209490609
2;mn0000127967;Antonio Orozco;UCgGS3ZLoy95z51vGVUCO_rA;AntonioOrozcoVEVO;mn0000282655;Tote King;254091;209490609
10;mn0000127967;Antonio Orozco;UCgGS3ZLoy95z51vGVUCO_rA;AntonioOrozcoVEVO;mn0000053116;David DeMaría;254091;209490609
1;mn0000127967;Antonio Orozco;UCgGS3ZLoy95z51vGVUCO_rA;AntonioOrozcoVEVO;mn0000214553;Jarabe de Palo;254091;209490609
4;mn0000127967;Antonio Orozco;UCgGS3ZLoy95z51vGVUCO_rA;AntonioOrozcoVEVO;mn0000449621;Orozco;254091;209490609
15;mn0000127967;Antonio Orozco;UCgGS3ZLoy95z51vGVUCO_rA;AntonioOrozcoVEVO;mn0000747225;Amaury Gutiérrez;254091;209490609
1;mn0000127967;Antonio Orozco;UCgGS3ZLoy95z51vGVUCO_rA;AntonioOrozcoVEVO;mn0000862671;Lucie Silvas;254091;209490609
12;mn0000127967;Antonio Orozco;UCgGS3ZLoy95z51vGVUCO_rA;AntonioOrozcoVEVO;mn0001411209;Natalia;254091;209490609
5;mn0000127967;Antonio Orozco;UCgGS3ZLoy95z51vGVUCO_rA;AntonioOrozcoVEVO;mn0002641990;Pablo Alborán;254091;209490609
17;mn0000127967;Antonio Orozco;UCgGS3ZLoy95z51vGVUCO_rA;AntonioOrozcoVEVO;mn0000617613;Alejandro Fernández;254091;209490609
7;mn0000127967;Antonio Orozco;UCgGS3ZLoy95z51vGVUCO_rA;AntonioOrozcoVEVO;mn0000194380;Emmanuel;254091;209490609
21;mn0000494368;Antonio Vega;UCPJ_C8cE5qywedmDVCwpirg;Vincent Antonio Vega;mn0000082482;Ketama;6587;0
2;mn0000494368;Antonio Vega;UCPJ_C8cE5qywedmDVCwpirg;Vincent Antonio Vega;mn0000334386;Elefantes;6587;0
64;mn0000494368;Antonio Vega;UCPJ_C8cE5qywedmDVCwpirg;Vincent Antonio Vega;mn0002657132;Antonio Vega Tallés;6587;0
12;mn0000494368;Antonio Vega;UCPJ_C8cE5qywedmDVCwpirg;Vincent Antonio Vega;mn0002071359;Conchita;6587;0
8;mn0000600435;Aqua;UC1opHUrw8rvnsadT-iGp7Cg;Aqua Ch. 湊あくあ;mn0002451378;Shawn Anthony Band;40463;3971220
3;mn0000600435;Aqua;UC1opHUrw8rvnsadT-iGp7Cg;Aqua Ch. 湊あくあ;mn0000579458;Luciano Pavarotti;40463;3971220
1;mn0000185591;Arcade Fire;UCUiiO_bccZFMVmnJ2Jj95lg;ArcadeFireVEVO;mn0000289629;Linton Kwesi Johnson;292244;162871585
15;mn0000325357;Arctic Monkeys;UC-KTRBl9_6AX10-Y7IKwKdw;Official Arctic Monkeys;mn0001563336;Rhythms del Mundo;3865631;1360917762
5;mn0000325357;Arctic Monkeys;UC-KTRBl9_6AX10-Y7IKwKdw;Official Arctic Monkeys;mn0002755258;The Death Ramps;3865631;1360917762
52;mn0000927555;Aretha Franklin;UCSuWu2ZVL3kRmKtCggqskQQ;ArethaFranklinVEVO;mn0000668448;James Cleveland;89232;40652549
28;mn0000927555;Aretha Franklin;UCSuWu2ZVL3kRmKtCggqskQQ;ArethaFranklinVEVO;mn0000845662;Jill Scott;89232;40652549
50;mn0000927555;Aretha Franklin;UCSuWu2ZVL3kRmKtCggqskQQ;ArethaFranklinVEVO;mn0003258468;Studio Rio;89232;40652549
41;mn0000927555;Aretha Franklin;UCSuWu2ZVL3kRmKtCggqskQQ;ArethaFranklinVEVO;mn0000090803;King Curtis;89232;40652549
42;mn0000927555;Aretha Franklin;UCSuWu2ZVL3kRmKtCggqskQQ;ArethaFranklinVEVO;mn0000071812;The Four Tops;89232;40652549
42;mn0000927555;Aretha Franklin;UCSuWu2ZVL3kRmKtCggqskQQ;ArethaFranklinVEVO;mn0000046861;Ray Charles;89232;40652549
14;mn0000927555;Aretha Franklin;UCSuWu2ZVL3kRmKtCggqskQQ;ArethaFranklinVEVO;mn0000459616;Michael McDonald;89232;40652549
48;mn0000927555;Aretha Franklin;UCSuWu2ZVL3kRmKtCggqskQQ;ArethaFranklinVEVO;mn0000378624;Quincy Jones;89232;40652549
83;mn0000927555;Aretha Franklin;UCSuWu2ZVL3kRmKtCggqskQQ;ArethaFranklinVEVO;mn0000465944;Rev. C.L. Franklin;89232;40652549
6;mn0000927555;Aretha Franklin;UCSuWu2ZVL3kRmKtCggqskQQ;ArethaFranklinVEVO;mn0000545074;George Michael;89232;40652549
41;mn0000927555;Aretha Franklin;UCSuWu2ZVL3kRmKtCggqskQQ;ArethaFranklinVEVO;mn0000376204;Mary J. Blige;89232;40652549
47;mn0000927555;Aretha Franklin;UCSuWu2ZVL3kRmKtCggqskQQ;ArethaFranklinVEVO;mn0000350127;Royal Philharmonic Orchestra;89232;40652549
74;mn0000927555;Aretha Franklin;UCSuWu2ZVL3kRmKtCggqskQQ;ArethaFranklinVEVO;mn0000262255;Mariah Carey;89232;40652549
44;mn0000927555;Aretha Franklin;UCSuWu2ZVL3kRmKtCggqskQQ;ArethaFranklinVEVO;mn0000238115;Sam Cooke;89232;40652549
21;mn0000927555;Aretha Franklin;UCSuWu2ZVL3kRmKtCggqskQQ;ArethaFranklinVEVO;mn0000165525;Fame Freedom Choir;89232;40652549
21;mn0000927555;Aretha Franklin;UCSuWu2ZVL3kRmKtCggqskQQ;ArethaFranklinVEVO;mn0000128099;James Brown;89232;40652549
49;mn0000927555;Aretha Franklin;UCSuWu2ZVL3kRmKtCggqskQQ;ArethaFranklinVEVO;mn0000146283;Virtual Server;89232;40652549
